date,zone,type,waste_kg,fill_percent
2026-10-01,Industrial,wet,1800,72
2026-10-01,Residential,wet,900,45
2026-10-01,Commercial,dry,1400,61
2026-10-01,Market,wet,2200,82
2026-10-01,Education,dry,450,30
2026-10-01,Healthcare,mixed,750,55
2026-10-02,Industrial,dry,2900,81
2026-10-02,Residential,wet,1200,52
2026-10-02,Commercial,wet,1600,68
2026-10-02,Market,wet,2600,88
2026-10-02,Education,dry,510,34
2026-10-02,Healthcare,mixed,820,59
2026-10-03,Industrial,wet,2100,76
2026-10-03,Residential,wet,1450,58
2026-10-03,Commercial,dry,2100,74
2026-10-03,Market,wet,3100,94
2026-10-03,Education,dry,390,28
2026-10-03,Healthcare,mixed,910,63
2026-10-04,Industrial,dry,1650,60
2026-10-04,Residential,wet,1800,66
2026-10-04,Commercial,wet,1900,70
2026-10-04,Market,wet,2900,89
2026-10-04,Education,dry,250,20
2026-10-04,Healthcare,mixed,860,61
2026-10-05,Industrial,wet,1950,74
2026-10-05,Residential,wet,1050,48
2026-10-05,Commercial,dry,1750,65
2026-10-05,Market,wet,2400,84
2026-10-05,Education,dry,480,32
2026-10-05,Healthcare,mixed,790,57
2026-10-06,Industrial,wet,2200,79
2026-10-06,Residential,wet,1150,50
2026-10-06,Commercial,dry,1950,71
2026-10-06,Market,wet,2700,88
2026-10-06,Education,dry,540,36
2026-10-06,Healthcare,mixed,850,62
2026-10-07,Industrial,wet,2400,83
2026-10-07,Residential,wet,1300,54
2026-10-07,Commercial,dry,2200,75
2026-10-07,Market,wet,3200,93
2026-10-07,Education,dry,580,38
2026-10-07,Healthcare,mixed,900,64
2026-10-08,Industrial,wet,2600,87
2026-10-08,Residential,wet,1250,48
2026-10-08,Commercial,dry,2300,72
2026-10-08,Market,wet,3500,92
2026-10-08,Education,dry,620,35
2026-10-08,Healthcare,mixed,940,65
